rank,code,account,views_10k,seconds,keyword,url
1,C8vhAS8Pcrx,room_mate_diary_,1815,12,재택근무,https://www.instagram.com/reel/C8vhAS8Pcrx/
2,DSBt7xzko_2,arb0r_day,1616,13,회식,https://www.instagram.com/reel/DSBt7xzko_2/
3,CyyRmL9ryz9,thistasteful,1418,55,구내식당,https://www.instagram.com/reel/CyyRmL9ryz9/
4,C-XcUhkSKkY,thistasteful,1026,41,회사 점심,https://www.instagram.com/reel/C-XcUhkSKkY/
5,C3zkoMNL4TR,off_playlist,808,28,칼퇴,https://www.instagram.com/reel/C3zkoMNL4TR/
6,Dd2q4dQIFRx,taesan_mold,759,5,MZ 직장인,https://www.instagram.com/reel/Dd2q4dQIFRx/
7,DEbaAqIz9GL,lue_golf,752,42,합격,https://www.instagram.com/reel/DEbaAqIz9GL/
8,DHaMw2ryIDA,park_onair,752,11,면접 썰,https://www.instagram.com/reel/DHaMw2ryIDA/
9,DdnR24pNVPL,365_bab.zip,642,36,회사 점심,https://www.instagram.com/reel/DdnR24pNVPL/
10,CzSNeTsPZnv,kimtoesa,632,8,직장인 공감,https://www.instagram.com/reel/CzSNeTsPZnv/
11,DTJeBc4E1Vt,hyoonip,593,10,출근,https://www.instagram.com/reel/DTJeBc4E1Vt/
12,DOFr_8OElMY,ove_log,587,10,직장인 공감,https://www.instagram.com/reel/DOFr_8OElMY/
13,DTxKewsE_lz,olli_daily,581,55,사내 복지,https://www.instagram.com/reel/DTxKewsE_lz/
14,C68AUioJZ43,hyundai_autoever_official,534,12,개발자,https://www.instagram.com/reel/C68AUioJZ43/
15,Dda6DYSzDW1,baribari.dev,483,9,월급 공개,https://www.instagram.com/reel/Dda6DYSzDW1/
16,DPIbne3kxXZ,jegayooo,462,8,회사 생활,https://www.instagram.com/reel/DPIbne3kxXZ/
17,DXN4QBMkfdR,kottackz,422,31,연차,https://www.instagram.com/reel/DXN4QBMkfdR/
18,DRDtJiTDXcW,hank_together,405,8,월급,https://www.instagram.com/reel/DRDtJiTDXcW/
19,DVANmSsD4tF,narnialab_official,384,9,개발자,https://www.instagram.com/reel/DVANmSsD4tF/
20,Cmb-f5MjaTU,terriusmoney,375,14,직장인 공감,https://www.instagram.com/reel/Cmb-f5MjaTU/
21,Dc50pTbyH-8,bansuk_2,366,10,월급,https://www.instagram.com/reel/Dc50pTbyH-8/
22,DauTWE9zTTB,money_life_bal,365,8,대기업 연봉,https://www.instagram.com/reel/DauTWE9zTTB/
23,DbExt8VvRFs,yebibim0_0,360,21,신입 브이로그,https://www.instagram.com/reel/DbExt8VvRFs/
24,DPTSvzvioT1,ssongsogong,356,8,코딩,https://www.instagram.com/reel/DPTSvzvioT1/
25,DcdeXgmTu7O,zzin_baeksoo,348,26,회사 복지,https://www.instagram.com/reel/DcdeXgmTu7O/
26,DXYtqv1EQef,he33eo,348,40,직장인 브이로그,https://www.instagram.com/reel/DXYtqv1EQef/
27,DB82IHJu3h1,success_growreader,348,13,직장인 공감,https://www.instagram.com/reel/DB82IHJu3h1/
28,DPycxOnk83M,ssim_log,346,8,출근,https://www.instagram.com/reel/DPycxOnk83M/
29,DOKknJnEaRX,kottackz,338,14,회사 생활,https://www.instagram.com/reel/DOKknJnEaRX/
30,DbcxisATm8f,corgi_tip,332,28,취업 성공,https://www.instagram.com/reel/DbcxisATm8f/
31,DLpA_EmzOIo,dalbong_otter,326,30,직장인 공감,https://www.instagram.com/reel/DLpA_EmzOIo/
32,Db8abdJPdEo,univ_corp_silrok,325,5,대기업 연봉,https://www.instagram.com/reel/Db8abdJPdEo/
33,Dao_oeySwxg,finance_ssing,321,5,월급 공개,https://www.instagram.com/reel/Dao_oeySwxg/
34,Dakxzx_t6-O,oneview_economy,313,5,생산직 연봉,https://www.instagram.com/reel/Dakxzx_t6-O/
35,DR56QBviQyN,itd_deokuni,303,10,신입사원 공감,https://www.instagram.com/reel/DR56QBviQyN/
36,DAqbc41PGYx,oganz__,295,7,직장인 공감,https://www.instagram.com/reel/DAqbc41PGYx/
37,C5LYdiDxXvr,yunshine.kr,291,14,월급,https://www.instagram.com/reel/C5LYdiDxXvr/
38,Db3FMZhyU8h,kimdaeri_mi,290,10,직장인 공감,https://www.instagram.com/reel/Db3FMZhyU8h/
39,DbS2wSNx1Tp,_wesome,286,12,면접 썰,https://www.instagram.com/reel/DbS2wSNx1Tp/
40,DZNS-m8zBpo,freezzoa,281,13,이직,https://www.instagram.com/reel/DZNS-m8zBpo/
41,Ddlk8gqN4Ra,whiritz,280,26,직장인 공감,https://www.instagram.com/reel/Ddlk8gqN4Ra/
42,DJJN7-eyTQ0,moneymove_chaser,265,10,중견기업,https://www.instagram.com/reel/DJJN7-eyTQ0/
43,DSV7tR4k3lF,rubberlab_official,263,83,회사 점심,https://www.instagram.com/reel/DSV7tR4k3lF/
44,DReR2aMDyQc,huiji___day,261,10,월급 공개,https://www.instagram.com/reel/DReR2aMDyQc/
45,DZwlzcxzvvD,whynotproduction_official,260,11,신입사원 공감,https://www.instagram.com/reel/DZwlzcxzvvD/
46,DcIwSvzCD3S,offtheclock.mag,257,30,면접 꿀팁,https://www.instagram.com/reel/DcIwSvzCD3S/
47,DbSFvXlyfOB,tap.pick,247,8,삼성 연봉,https://www.instagram.com/reel/DbSFvXlyfOB/
48,Dds-8MkiYT7,jiktalk.show,239,39,MZ 직장인,https://www.instagram.com/reel/Dds-8MkiYT7/
49,DRJzWnYE-Q1,deokhyeon9979,238,8,야근,https://www.instagram.com/reel/DRJzWnYE-Q1/
50,DOdsTyyE3GY,hyen_ine,232,23,출근,https://www.instagram.com/reel/DOdsTyyE3GY/
51,Dc_J12_Czel,earthbmovie,231,61,인턴,https://www.instagram.com/reel/Dc_J12_Czel/
52,DCWkYkINzCC,success_growreader,229,30,면접 꿀팁,https://www.instagram.com/reel/DCWkYkINzCC/
53,Dbz5tntPLDv,1min.diet,227,49,회사 점심,https://www.instagram.com/reel/Dbz5tntPLDv/
54,DT4pSunCdDw,songbaek__,216,8,공무원,https://www.instagram.com/reel/DT4pSunCdDw/
55,DbitZLctxBP,oneview_economy,215,5,직업별 연봉,https://www.instagram.com/reel/DbitZLctxBP/
56,C_KQih_J7vp,ryudeee__,213,6,개발자 브이로그,https://www.instagram.com/reel/C_KQih_J7vp/
57,DcvwPsEJj8r,chinglaaa,208,47,회사 점심,https://www.instagram.com/reel/DcvwPsEJj8r/
58,DYXYTtexKW-,soie.is.free,204,25,사내 복지,https://www.instagram.com/reel/DYXYTtexKW-/
59,DUPbnTNj_L3,custom_ssoossam,202,20,면접 꿀팁,https://www.instagram.com/reel/DUPbnTNj_L3/
60,DbFaP2MBhS1,homebywoori_,199,10,신입 연봉,https://www.instagram.com/reel/DbFaP2MBhS1/
61,DBs8Y28v93L,cndcl98,198,7,신입사원 공감,https://www.instagram.com/reel/DBs8Y28v93L/
62,DFoFrLDzBnA,success_growreader,185,34,면접 꿀팁,https://www.instagram.com/reel/DFoFrLDzBnA/
63,DbZXDNYBB0K,print_cheonanjeil,184,52,이력서,https://www.instagram.com/reel/DbZXDNYBB0K/
64,DPBPgfwAdss,slexn.inc,184,15,개발자 현실,https://www.instagram.com/reel/DPBPgfwAdss/
65,DMpUF3WSmGN,naver_official,178,77,네이버 입사,https://www.instagram.com/reel/DMpUF3WSmGN/
66,DYWsv1-RyMO,wonjoonkook,164,14,면접 썰,https://www.instagram.com/reel/DYWsv1-RyMO/
67,DToldcjASZb,ojic_career,164,47,직장 상사,https://www.instagram.com/reel/DToldcjASZb/
68,C_ssoaxSFnb,mpp.kr,163,13,첫출근,https://www.instagram.com/reel/C_ssoaxSFnb/
69,DbaZvHJz0fI,gaeyeon.kim,163,34,면접 썰,https://www.instagram.com/reel/DbaZvHJz0fI/
70,DUaH-YMj-hB,thistasteful,162,36,회사 점심,https://www.instagram.com/reel/DUaH-YMj-hB/
71,Dbf3IjVvS9Q,the_trend_pedia,161,12,중견기업,https://www.instagram.com/reel/Dbf3IjVvS9Q/
72,DPaj9OkkhFv,desembrekr_official,160,13,직장인 현실,https://www.instagram.com/reel/DPaj9OkkhFv/
73,DaxZZQazjht,money_life_bal,159,8,삼성 연봉,https://www.instagram.com/reel/DaxZZQazjht/
74,DWySWC7j_U4,olly_pikka,155,8,월급,https://www.instagram.com/reel/DWySWC7j_U4/
75,DYg63cLy8B3,liam_mmgz,149,12,신입 연봉,https://www.instagram.com/reel/DYg63cLy8B3/
76,DX6PWgqyRcv,stanfordhotel_tongyeong,144,9,팀장님,https://www.instagram.com/reel/DX6PWgqyRcv/
77,Dc3MNsQz5QX,gyuree_k,143,39,직장인 브이로그,https://www.instagram.com/reel/Dc3MNsQz5QX/
78,DdDPFfntreK,365_bab.zip,138,29,구내식당,https://www.instagram.com/reel/DdDPFfntreK/
79,DVig8kVEmv0,ichbinmarie_,137,6,재택근무,https://www.instagram.com/reel/DVig8kVEmv0/
80,C2Z3TJ6hgJq,only_1.won,136,7,취업 성공,https://www.instagram.com/reel/C2Z3TJ6hgJq/
81,DL7f2fVSNGC,muldeong_e,136,19,취업 현실,https://www.instagram.com/reel/DL7f2fVSNGC/
82,Da1xIjNzQNp,younan_haroo,133,6,신입사원 공감,https://www.instagram.com/reel/Da1xIjNzQNp/
83,DcdWiCshsYO,bankk_lol,133,10,신입사원 공감,https://www.instagram.com/reel/DcdWiCshsYO/
84,DQBkymXERD1,catch.job,130,14,중소기업 현실,https://www.instagram.com/reel/DQBkymXERD1/
85,Dc9-i4NBQA2,globalissue_ink,128,5,대기업 연봉,https://www.instagram.com/reel/Dc9-i4NBQA2/
86,DQv9zb9EiA2,liam_mmgz,127,9,직장인 공감,https://www.instagram.com/reel/DQv9zb9EiA2/
87,DQeGffuEjcG,jani__s2,126,50,직장인 브이로그,https://www.instagram.com/reel/DQeGffuEjcG/
88,DY7DiQIyUZ_,onyu.95,125,21,복지 좋은 회사,https://www.instagram.com/reel/DY7DiQIyUZ_/
89,DTW6XqekuqG,stayfit_irene,118,7,개발자,https://www.instagram.com/reel/DTW6XqekuqG/
90,DVz4lw2AcYL,crazy_u0woo,118,15,신입사원 공감,https://www.instagram.com/reel/DVz4lw2AcYL/
91,DZXBgIZS1rH,insunglife_official,118,7,신입사원,https://www.instagram.com/reel/DZXBgIZS1rH/
92,DE91OGdJgDT,redblack_rebl,116,24,직장 상사,https://www.instagram.com/reel/DE91OGdJgDT/
93,DWYmoCGE86B,dk.code.quiz,112,11,코딩,https://www.instagram.com/reel/DWYmoCGE86B/
94,DZmbf6sC7LV,moosssamm,108,50,퇴사 브이로그,https://www.instagram.com/reel/DZmbf6sC7LV/
95,DXGJ9bjkYJt,kottackz,108,10,직장 상사,https://www.instagram.com/reel/DXGJ9bjkYJt/
96,C_Oy-pAJM4H,tomatok2050,107,11,공무원,https://www.instagram.com/reel/C_Oy-pAJM4H/
97,DRMT6edk621,dalbong_otter,106,22,직장 상사,https://www.instagram.com/reel/DRMT6edk621/
98,DaJrgFdpriO,daegyong_food,105,41,회사 점심,https://www.instagram.com/reel/DaJrgFdpriO/
99,DaJbG3nzGrF,thenex_officenex,105,9,직장인 공감,https://www.instagram.com/reel/DaJbG3nzGrF/
100,DXxr5viBub8,hani_maeumi,103,13,직장인 현실,https://www.instagram.com/reel/DXxr5viBub8/
101,DBNsbZ8pWPE,success_growreader,103,4,신입사원 공감,https://www.instagram.com/reel/DBNsbZ8pWPE/
102,DV5qx7JDfJw,2.hopper,102,12,IT 회사,https://www.instagram.com/reel/DV5qx7JDfJw/
103,Da2BX94vJ2A,daepyo.mollae,101,14,직장인 공감,https://www.instagram.com/reel/Da2BX94vJ2A/
