rank,account,views_10k,likes_k,seconds,posted,keyword,kind
1,thistasteful,1026,267,41,2024-08,구내식당,점심 실촬영
2,off_playlist,808,240,28,2024-02,칼퇴,음악(노래 클립)
3,taesan_mold,758,24,5,2026-09,MZ 직장인,공문 밈
4,365_bab.zip,642,255,36,2026-09,회사 점심,점심 실촬영
5,kimtoesa,632,116,8,2023-11,직장인 공감,콩트 밈
6,hyoonip,593,65,10,2026-01,출근,출근길 브이로그
7,ove_log,587,48,10,2025-09,직장인 공감,콩트 밈
8,hyundai_autoever_official,534,61,12,2024-05,개발자 현실,공식 계정 밈
9,baribari.dev,483,41,9,2026-09,MZ 직장인,월급 밈
10,jegayooo,462,26,8,2025-09,회사 생활,콩트 밈
11,kottackz,422,20,31,2026-04,연차,콩트 밈
12,narnialab_official,384,8,9,2026-02,개발자,공식 계정 밈
13,terriusmoney,375,95,14,2022-12,직장인 공감,콩트 밈
14,money_life_bal,365,3,8,2026-07,대기업 연봉,연봉 티어표
15,yebibim0_0,360,14,21,2026-07,신입 브이로그,브이로그
16,zzin_baeksoo,348,62,26,2026-08,회사 복지,콩트 밈
17,success_growreader,348,46,13,2024-11,직장인 현실,조언
18,ssim_log,346,25,8,2025-10,출근,출근길 브이로그
19,kottackz,338,33,14,2025-09,직장인 현실,콩트 밈
20,dalbong_otter,326,58,30,2025-07,직장인 공감,콩트 밈
21,univ_corp_silrok,325,2,5,2026-08,대기업 연봉,연봉 티어표
22,finance_ssing,321,2,5,2026-07,직업별 연봉,연봉 표(실수령액)
23,itd_deokuni,303,45,10,2025-12,직장인 공감,콩트 밈
24,oganz__,295,79,7,2024-10,야근,콩트 밈
25,yunshine.kr,291,55,14,2024-03,월급,월급 이야기
26,kimdaeri_mi,290,15,10,2026-08,직장인 공감,콩트 밈
27,_wesome,286,55,12,2026-07,면접 썰,면접 썰
28,freezzoa,281,11,13,2026-06,이직,이직 이야기
29,whiritz,280,49,26,2026-09,직장인 공감,콩트 밈
30,whynotproduction_official,260,21,11,2026-06,신입사원 공감,콩트 밈
31,offtheclock.mag,257,51,30,2026-08,면접 꿀팁,면접 조언
32,tap.pick,247,2,8,2026-07,삼성 연봉,연봉 티어표(1위 가림)
33,jiktalk.show,239,14,39,2026-09,MZ 직장인,인터뷰
34,deokhyeon9979,238,30,8,2025-11,야근,콩트 밈
35,hyen_ine,232,62,23,2025-09,출근,출근길 브이로그
36,earthbmovie,231,55,61,2026-09,인턴,영상 콘텐츠
37,success_growreader,229,31,30,2024-11,면접 꿀팁,면접 조언
38,oneview_economy,215,1,5,2026-08,직업별 연봉,연봉 순위표
39,ryudeee__,213,10,6,2024-08,개발자 브이로그,브이로그
40,custom_ssoossam,202,12,20,2026-02,면접 꿀팁,면접 조언
41,homebywoori_,199,1,10,2026-07,대기업 연봉,월급 백분위표
42,cndcl98,198,18,7,2024-10,직장인 공감,콩트 밈
43,success_growreader,185,12,34,2025-02,면접 꿀팁,면접 조언
44,catch.job,175,5,55,2026-09,개발자 연봉,인터뷰(캐치TV)
45,jjong.a0200,172,2,3,2026-05,직장 상사,콩트 밈
46,lotatopife,168,20,18,2026-09,팀장님,콩트 밈
47,wonjoonkook,164,39,14,2026-05,면접 썰,면접 썰
48,ojic_career,164,17,47,2026-01,직장 상사,조언
49,gaeyeon.kim,163,59,34,2026-07,면접 썰,면접 썰
50,thistasteful,162,41,36,2026-02,회사 점심,점심 실촬영
51,the_trend_pedia,161,1,12,2026-08,중견기업,연봉 순위표
52,desembrekr_official,160,5,13,2025-10,직장인 현실,공식 계정 밈
53,money_life_bal,159,,8,,삼성 연봉,연봉 티어표
54,money_life_bal,155,,8,,연차,표
55,liam_mmgz,149,,12,,신입 연봉,질문형(초봉 적정선)
56,365_bab.zip,138,,29,,구내식당,점심 실촬영
57,only_1.won,136,,7,,취업 현실,짧은 밈
58,younan_haroo,133,,6,,신입사원 공감,짧은 밈
59,bankk_lol,133,,10,,신입사원 공감,짧은 밈
60,catch.job,130,,14,,중소기업 현실,인터뷰(캐치TV)
61,globalissue_ink,128,,5,,공기업 연봉,안정성 계급도
62,liam_mmgz,127,,9,,직장인 공감,콩트 밈
63,jani__s2,126,,50,,직장인 브이로그,브이로그
64,onyu.95,125,,21,,복지 좋은 회사,회사 복지
65,insunglife_official,118,,7,,신입사원,공식 계정 밈
66,kottackz,108,,10,,직장인 공감,콩트 밈
67,daegyong_food,105,,41,,회사 점심,점심 실촬영
68,hani_maeumi,103,,13,,직장인 현실,조언
69,success_growreader,103,,4,,신입사원 공감,짧은 밈
